Layer Name,Color,Circle Count,Average Area
Layer 1,#4C3C76AD,42,275.11923
Layer 2,#C0499F58,26,316.37396
Layer 3,#C0957514,39,382.43985
Layer 4,#50D79BFB,38,287.24567
Layer 5,#0C29A834,35,292.68207
Layer 6,#C7F3273F,43,367.3763
Layer 7,#C802FFA6,50,302.04178
Layer 8,#39F6F9A6,36,353.70224
Layer 9,#62C224C9,29,230.26384
Layer 10,#AC299470,37,311.16132
