Layer Name,Color,Circle Count,Average Area
Layer 1,#4C3C76AD,42,506.09164
Layer 2,#C0499F58,26,419.1324
Layer 3,#C0957514,39,273.34833
Layer 4,#50D79BFB,38,429.62607
Layer 5,#0C29A834,35,341.99353
Layer 6,#C7F3273F,43,336.5298
Layer 7,#C802FFA6,50,271.1246
Layer 8,#39F6F9A6,36,435.31824
Layer 9,#62C224C9,29,263.7725
Layer 10,#AC299470,37,407.74188
